Id,BIRTHDATE,DEATHDATE,SSN,DRIVERS,PASSPORT,PREFIX,FIRST,LAST,SUFFIX,MAIDEN,MARITAL,RACE,ETHNICITY,GENDER,BIRTHPLACE,ADDRESS,CITY,STATE,COUNTY,ZIP,LAT,LON,HEALTHCARE_EXPENSES,HEALTHCARE_COVERAGE
"""1d604da9-9a81-4ba9-80c2-de3375d59b40""","""1989-05-25""","""""","""999-76-6866""","""S99984236""","""X19277260X""","""Mr.""","""JosÃ© Eduardo181""","""GÃ³mez206""","""""","""""","""M""","""white""","""hispanic""","""M""","""Marigot  Saint Andrew Parish  DM""","""427 Balistreri Way Unit 19""","""Chicopee""","""Massachusetts""","""Hampden County""","""01013""",42.228353823159424,-72.562950550968822,271227.08000000002,1334.8799999999999
"""034e9e3b-2def-4559-bb2a-7850888ae060""","""1983-11-14""","""""","""999-73-5361""","""S99962402""","""X88275464X""","""Mr.""","""Milo271""","""Feil794""","""""","""""","""M""","""white""","""nonhispanic""","""M""","""Danvers  Massachusetts  US""","""422 Farrell Path Unit 69""","""Somerville""","""Massachusetts""","""Middlesex County""","""02143""",42.360697327770652,-71.126530951331489,793946.01000000001,3204.4899999999998
"""10339b10-3cd1-4ac3-ac13-ec26728cb592""","""1992-06-02""","""""","""999-27-3385""","""S99972682""","""X73754411X""","""Mr.""","""Jayson808""","""Fadel536""","""""","""""","""M""","""white""","""nonhispanic""","""M""","""Springfield  Massachusetts  US""","""1056 Harris Lane Suite 70""","""Chicopee""","""Massachusetts""","""Hampden County""","""01020""",42.181642300277424,-72.608842225816574,574111.90000000002,2606.3999999999996
"""8d4c4326-e9de-4f45-9a4c-f8c36bff89ae""","""1978-05-27""","""""","""999-85-4926""","""S99974448""","""X40915583X""","""Mrs.""","""Mariana775""","""Rutherford999""","""""","""Williamson769""","""M""","""white""","""nonhispanic""","""F""","""Yarmouth  Massachusetts  US""","""999 Kuhn Forge""","""Lowell""","""Massachusetts""","""Middlesex County""","""01851""",42.636143350695882,-71.343254921778893,935630.30000000005,8756.1899999999987
"""f5dcd418-09fe-4a2f-baa0-3da800bd8c3a""","""1996-10-18""","""""","""999-60-7372""","""S99915787""","""X86772962X""","""Mr.""","""Gregorio366""","""Auer97""","""""","""""","""""","""white""","""nonhispanic""","""M""","""Patras  Achaea  GR""","""1050 Lindgren Extension Apt 38""","""Boston""","""Massachusetts""","""Suffolk County""","""02135""",42.352434263031768,-71.028610421150617,598763.06999999995,3772.1999999999998
"""72c0b9ce-7aa4-430b-aaff-bd0ce7846e55""","""2017-07-27""","""""","""999-68-6630""","""""","""""","""""","""Jacinto644""","""Kris249""","""""","""""","""""","""white""","""nonhispanic""","""M""","""Beverly  Massachusetts  US""","""888 Hickle Ferry Suite 38""","""Springfield""","""Massachusetts""","""Hampden County""","""01106""",42.151961474963535,-72.598959403761882,8718.6599999999999,1499.0799999999999
"""b1e9b0b9-da6e-4f68-b603-bd896a50ca86""","""2003-12-13""","""""","""999-73-2461""","""S99954048""","""""","""""","""Jimmie93""","""Harris789""","""""","""""","""""","""white""","""nonhispanic""","""F""","""Worcester  Massachusetts  US""","""201 Mitchell Lodge Unit 67""","""Pembroke""","""Massachusetts""","""Plymouth County""","""""",42.075291527179559,-70.757034663344314,397548.14000000001,3093.1199999999999
"""01207ecd-9dff-4754-8887-4652eda231e2""","""2019-05-15""","""""","""999-81-4349""","""""","""""","""""","""Karyn217""","""Mueller846""","""""","""""","""""","""white""","""nonhispanic""","""F""","""New Bedford  Massachusetts  US""","""570 Abshire Forge Suite 32""","""Colrain""","""Massachusetts""","""Franklin County""","""""",42.740219982868055,-72.722647675572972,26400,774.95999999999992
"""b58731cc-2d8b-4c2d-b327-4cab771af3ef""","""1970-05-16""","""""","""999-90-2484""","""S99978036""","""X78170348X""","""Mrs.""","""Isabel214""","""Lucio648""","""""","""Carvajal694""","""M""","""white""","""hispanic""","""F""","""Santiago  Santiago Province  CL""","""335 Morar Highlands Apt 75""","""Fall River""","""Massachusetts""","""Bristol County""","""02720""",41.687684445275437,-71.055768782162403,987310.04000000004,14166.009999999997
"""cfee79fc-df05-476e-b274-43e09ea345db""","""2016-07-04""","""""","""999-15-5895""","""""","""""","""""","""Alva958""","""Krajcik437""","""""","""""","""""","""white""","""nonhispanic""","""F""","""Boston  Massachusetts  US""","""1048 Skiles Trailer""","""Walpole""","""Massachusetts""","""Norfolk County""","""02081""",42.177370220648726,-71.281353158606521,80155.360000000001,1599.0799999999999
"""ad2e9916-4979-40fc-a8c0-68651a0cb5a6""","""2004-12-19""","""""","""999-78-4480""","""""","""""","""""","""Jeffrey461""","""Greenfelder433""","""""","""""","""""","""white""","""nonhispanic""","""M""","""Plymouth  Massachusetts  US""","""428 Wiza Glen Unit 91""","""Springfield""","""Massachusetts""","""Hampden County""","""01104""",42.104927111867894,-72.591010609504451,317164.78000000003,2816.48
"""bfb6537b-535a-4f31-9a56-073220f96a17""","""1991-07-03""","""""","""999-74-9712""","""S99913545""","""X65838399X""","""Mrs.""","""Karyn217""","""Jast432""","""""","""Reynolds644""","""M""","""white""","""nonhispanic""","""F""","""Belmont  Massachusetts  US""","""181 Feest Passage Suite 64""","""Medfield""","""Massachusetts""","""Norfolk County""","""02052""",42.138719393835025,-71.297255362747578,700919.16000000003,6196.9199999999992
"""83719bd7-7a41-4c87-93f9-c5de4db6a14a""","""1989-06-07""","""""","""999-24-1237""","""S99993444""","""X19938368X""","""Mrs.""","""Leann224""","""Larson43""","""""","""Jaskolski867""","""M""","""white""","""nonhispanic""","""F""","""Fall River  Massachusetts  US""","""118 Bailey Orchard Suite 34""","""Needham""","""Massachusetts""","""Norfolk County""","""""",42.320747443630474,-71.232829345754254,706612.58999999997,8624.5999999999985
"""76982e06-f8b8-4509-9ca3-65a99c8650fe""","""1982-09-01""","""""","""999-21-5604""","""S99957470""","""X55072337X""","""Ms.""","""Christal240""","""Brown30""","""""","""""","""S""","""white""","""nonhispanic""","""F""","""Bellingham  Massachusetts  US""","""1060 Hansen Overpass Suite 86""","""Boston""","""Massachusetts""","""Suffolk County""","""02118""",42.284598473357775,-71.134496748761265,779464.29000000004,11713.809999999998
"""2ffe9369-24e4-414b-8973-258fad09313a""","""1958-07-01""","""""","""999-76-2715""","""S99927965""","""X70120330X""","""Mrs.""","""Amada498""","""Reichert620""","""""","""Spinka232""","""M""","""white""","""nonhispanic""","""F""","""Watertown  Massachusetts  US""","""970 Grant Highlands""","""Foxborough""","""Massachusetts""","""Norfolk County""","""""",42.078941733930371,-71.22544168501237,1368017.49,15959.849999999999
"""e4f1bd35-93ae-418b-b8cf-d39c3fbb069c""","""1957-02-25""","""""","""999-66-4231""","""S99983425""","""X1708221X""","""Ms.""","""Raye931""","""Wunsch504""","""""","""""","""S""","""white""","""nonhispanic""","""F""","""Arlington  Massachusetts  US""","""585 Greenfelder Camp""","""Quincy""","""Massachusetts""","""Norfolk County""","""02169""",42.266511451175816,-70.956480121539187,1551125.51,11583.439999999999
"""86b97fc7-ae8f-4e0d-8e66-db68f36e7a76""","""1959-05-26""","""""","""999-59-1261""","""S99917383""","""X23685647X""","""Mrs.""","""Anissa357""","""Wuckert783""","""""","""Ebert178""","""M""","""white""","""nonhispanic""","""F""","""Pembroke  Massachusetts  US""","""661 Schulist Highlands""","""Waltham""","""Massachusetts""","""Middlesex County""","""02452""",42.425915174403627,-71.288672831654367,1388471.0700000001,20739.929999999997
"""1c591f0d-95b1-4289-94a9-9713ab3834e7""","""1954-04-04""","""""","""999-88-9161""","""S99916076""","""X45594159X""","""Mr.""","""Edmund685""","""Walker122""","""""","""""","""M""","""white""","""nonhispanic""","""M""","""Dedham  Massachusetts  US""","""383 Crooks Camp""","""Norwell""","""Massachusetts""","""Plymouth County""","""""",42.192244726256703,-70.839154361614149,1412795.8400000001,5545.2799999999997
"""f1678bde-4814-4d71-bca9-18fdf5282232""","""1958-04-11""","""""","""999-49-5916""","""S99927174""","""X60264115X""","""Mrs.""","""Danae973""","""Bartoletti50""","""""","""Gleichner915""","""M""","""white""","""nonhispanic""","""F""","""Holyoke  Massachusetts  US""","""1062 Conn Well Suite 4""","""Framingham""","""Massachusetts""","""Middlesex County""","""01702""",42.309678440459642,-71.423073092112986,1329466.45,17081.82
"""aac107d8-5187-420f-a90c-448ad49dee41""","""1983-09-02""","""""","""999-57-9112""","""S99979946""","""X70531895X""","""Mrs.""","""Lisbeth69""","""Hand679""","""""","""Durgan499""","""M""","""white""","""nonhispanic""","""F""","""Agawam  Massachusetts  US""","""290 Hyatt Lane""","""Malden""","""Massachusetts""","""Middlesex County""","""02155""",42.414955002023923,-71.067066322421596,853594.52000000002,7264.6999999999989
"""71ba0469-f0cc-4177-ac70-ea07cb01c8b8""","""2000-11-21""","""2012-11-21""","""999-28-2716""","""""","""""","""""","""Carmelia328""","""Konopelski743""","""""","""""","""""","""white""","""nonhispanic""","""F""","""Lee  Massachusetts  US""","""1025 Collier Arcade""","""Ashland""","""Massachusetts""","""Middlesex County""","""""",42.291985963434698,-71.463723842644896,268920.58000000002,9406.6899999999951
"""518f83f3-a717-4705-a181-06e205df480b""","""1999-02-03""","""""","""999-85-6755""","""S99937445""","""X85370536X""","""Ms.""","""Cythia210""","""Reichel38""","""""","""""","""""","""white""","""nonhispanic""","""F""","""Hopkinton  Massachusetts  US""","""211 Effertz Quay""","""Peabody""","""Massachusetts""","""Essex County""","""01960""",42.559289539676072,-70.93169658886427,513798.72999999998,3347.2399999999998
"""2f43a131-a43a-4c8c-a723-cc261adb9cc6""","""2017-02-23""","""""","""999-40-3169""","""""","""""","""""","""MarÃ­a Soledad68""","""Aparicio848""","""""","""""","""""","""white""","""hispanic""","""F""","""San Jose  San Jose  CR""","""547 Ziemann Burg""","""Boston""","""Massachusetts""","""Suffolk County""","""02215""",42.431097771761372,-71.001572298539941,10057.190000000001,1766.5599999999999
"""2c634692-05d8-4122-9f46-dd9402e2cfc6""","""1970-12-22""","""""","""999-95-4888""","""S99924952""","""X32157318X""","""Mrs.""","""Margert370""","""Keeling57""","""""","""DuBuque211""","""M""","""white""","""nonhispanic""","""F""","""Billerica  Massachusetts  US""","""560 Herman Bridge""","""Malden""","""Massachusetts""","""Middlesex County""","""""",42.44244784588782,-71.067199029235567,164688.04000000001,36121.330000000002
"""860aff27-7431-47ee-968e-554470683160""","""1986-01-28""","""""","""999-89-1141""","""S99933543""","""X28303902X""","""Ms.""","""Margurite588""","""Fahey393""","""""","""""","""S""","""native""","""nonhispanic""","""F""","""Lynn  Massachusetts  US""","""471 Mayert Flat Unit 54""","""Peabody""","""Massachusetts""","""Essex County""","""""",42.539463840355921,-70.933539429815411,694100.29000000004,9291.2499999999982
"""acb4817f-0ece-41d8-b179-82397a95a44a""","""1983-09-12""","""""","""999-45-5448""","""S99962675""","""X89346662X""","""Mrs.""","""Frankie174""","""Heathcote539""","""""","""Brown30""","""M""","""white""","""nonhispanic""","""F""","""Somerville  Massachusetts  US""","""687 Howell Frontage road Apt 68""","""Abington""","""Massachusetts""","""Plymouth County""","""02351""",42.07952522604181,-70.973709703469041,848827.37,5351.9999999999991
"""bf35e4fa-ea4f-40a4-8fe6-1f2f26e0aa45""","""2000-11-21""","""""","""999-87-8860""","""S99917788""","""""","""Ms.""","""Cecila397""","""Feil794""","""""","""""","""""","""white""","""nonhispanic""","""F""","""Nahant  Massachusetts  US""","""873 Mueller Arcade Unit 96""","""Ashland""","""Massachusetts""","""Middlesex County""","""""",42.213898557780666,-71.503695110333041,499730.64000000001,8240.1200000000008
"""c8403116-d069-4130-aa02-39954fc971b5""","""1967-03-26""","""""","""999-30-3779""","""S99921155""","""X22726136X""","""Ms.""","""Kim439""","""Ruecker817""","""""","""""","""S""","""white""","""nonhispanic""","""F""","""Billerica  Massachusetts  US""","""562 Windler Tunnel""","""Fitchburg""","""Massachusetts""","""Worcester County""","""""",42.611441947968778,-71.772746115745406,1084777.45,14335.009999999998
"""b1bc3c89-4e7b-41fd-a58b-9bf4ce2b40a9""","""1973-07-04""","""""","""999-85-9257""","""S99974338""","""X55702266X""","""Mr.""","""Louie190""","""Jacobi462""","""""","""""","""M""","""white""","""nonhispanic""","""M""","""Lynn  Massachusetts  US""","""255 Ondricka Common""","""Deerfield""","""Massachusetts""","""Franklin County""","""""",42.574668213480976,-72.562582948742786,1018792.98,10929.18
"""50e7ede4-7ca1-4b2c-ae64-6b88b58eeaac""","""1965-10-15""","""""","""999-85-8713""","""S99926370""","""X24151910X""","""Ms.""","""Marvel321""","""Wyman904""","""""","""""","""S""","""white""","""nonhispanic""","""F""","""Wilbraham  Massachusetts  US""","""913 Schiller Well Apt 80""","""Burlington""","""Massachusetts""","""Middlesex County""","""01803""",42.484740398647659,-71.234137400704455,1444325.28,4353
"""5a8c7f6d-b15c-4c55-b299-5bf8c2b35ad4""","""1993-03-09""","""""","""999-21-6421""","""S99977193""","""X871956X""","""Mrs.""","""Luciana251""","""Jakubowski832""","""""","""Adams676""","""M""","""asian""","""nonhispanic""","""F""","""Beijing  Beijing Municipality  CN""","""703 Stehr Walk""","""Chelmsford""","""Massachusetts""","""Middlesex County""","""""",42.618969775787782,-71.360319194420072,669499.53000000003,4274.6399999999994
"""73f124a4-e69e-4b8c-a447-e72d23dc54be""","""1967-06-14""","""""","""999-95-2422""","""S99937677""","""X23067491X""","""Mrs.""","""Ashton21""","""Schmidt332""","""""","""Goldner995""","""M""","""white""","""nonhispanic""","""F""","""Dighton  Massachusetts  US""","""257 Jerde Rue""","""Quincy""","""Massachusetts""","""Norfolk County""","""02170""",42.310967498091117,-71.023597671703484,1248206.8600000001,11811.209999999999
"""ad7c452d-c8e9-40ae-a5ed-90b7bd93d2ac""","""1987-08-03""","""""","""999-47-3790""","""S99966334""","""X42022147X""","""Mr.""","""Erwin847""","""Weimann465""","""""","""""","""S""","""white""","""hispanic""","""M""","""Quincy  Massachusetts  US""","""297 Fritsch Estate Apt 24""","""Lynnfield""","""Massachusetts""","""Essex County""","""""",42.570671540821003,-71.044043497815224,718679.09999999998,11799.199999999997
"""5056439c-015e-4968-9281-2b8c72c3926e""","""1986-08-24""","""1991-04-30""","""999-39-5390""","""""","""""","""""","""Mabel261""","""Larkin917""","""""","""""","""""","""white""","""nonhispanic""","""F""","""Granby  Massachusetts  US""","""844 Hammes Byway""","""Framingham""","""Massachusetts""","""Middlesex County""","""01702""",42.345875610560768,-71.425625952506152,105623.12,860.2199999999998
"""e20fb002-6dc6-4cea-ba4b-7f528ccf6572""","""2005-11-30""","""""","""999-75-9476""","""""","""""","""""","""Victor265""","""Dickinson688""","""""","""""","""""","""asian""","""nonhispanic""","""M""","""Waltham  Massachusetts  US""","""765 Harber Club""","""Winchester""","""Massachusetts""","""Middlesex County""","""01890""",42.472826617487357,-71.117670650458734,297061.54999999999,4562.119999999999
"""d49f748f-928d-40e8-92c8-73e4c5679711""","""1967-06-14""","""""","""999-15-5162""","""S99979086""","""X15362198X""","""Mr.""","""Wesley533""","""Rau926""","""""","""""","""S""","""white""","""nonhispanic""","""M""","""Chicopee  Massachusetts  US""","""788 Wilderman Vale""","""New Bedford""","""Massachusetts""","""Bristol County""","""""",41.651828069867825,-70.987997401343847,1096170.8700000001,5593.5599999999995
"""f592e861-6e2e-46bc-a19d-5485fcbf0d80""","""2018-07-19""","""""","""999-65-5107""","""""","""""","""""","""Dorothea248""","""Ward668""","""""","""""","""""","""white""","""nonhispanic""","""F""","""New Bedford  Massachusetts  US""","""1079 Kuhn Orchard""","""Lowell""","""Massachusetts""","""Middlesex County""","""01854""",42.662728908444102,-71.364564123175668,39600,1033.28
"""8b17ff1e-2b24-46a9-83f7-f8a49e82c604""","""1959-05-20""","""""","""999-59-5266""","""S99964647""","""X65307087X""","""Mr.""","""Emerson869""","""Hagenes547""","""""","""""","""M""","""white""","""nonhispanic""","""M""","""Worcester  Massachusetts  US""","""436 Mills Wynd Apt 14""","""Saugus""","""Massachusetts""","""Essex County""","""""",42.47167808525483,-71.004500728509939,1541995.6000000001,6321.96
"""7723d469-7227-4b58-8f3e-b441197f4134""","""1994-05-31""","""""","""999-33-5858""","""S99933158""","""X72409167X""","""Ms.""","""Christene303""","""Brakus656""","""""","""""","""""","""white""","""nonhispanic""","""F""","""Boston  Massachusetts  US""","""229 Feest Landing Unit 4""","""Plymouth""","""Massachusetts""","""Plymouth County""","""02360""",41.92243181741361,-70.614316059349449,578586.05000000005,5137.8399999999992
"""741831b4-d1a2-407b-b5d7-af61ff550867""","""1969-02-22""","""""","""999-12-7459""","""S99931088""","""X65135798X""","""Mr.""","""Stanford577""","""Goodwin327""","""""","""""","""S""","""white""","""nonhispanic""","""M""","""Arlington  Massachusetts  US""","""314 Torp Byway""","""Somerville""","""Massachusetts""","""Middlesex County""","""02140""",42.440865191057597,-71.086387849032491,1358356.0900000001,3480.5599999999999
"""e3af2463-f4c9-4dbb-a8d2-d6a08c5b1460""","""2013-07-02""","""""","""999-82-6451""","""""","""""","""""","""Lorrie905""","""Leannon79""","""""","""""","""""","""white""","""nonhispanic""","""F""","""Winthrop  Massachusetts  US""","""813 Casper Street""","""Peabody""","""Massachusetts""","""Essex County""","""01940""",42.495161618943285,-71.007174906739763,156561.58000000002,2410.6799999999998
"""31459cc4-45ed-4dee-b160-9f1a148a7724""","""1968-08-15""","""""","""999-88-9678""","""S99939134""","""X81821052X""","""Mr.""","""Carol737""","""Harber290""","""""","""""","""M""","""white""","""nonhispanic""","""M""","""Rochester  Massachusetts  US""","""119 Steuber Key""","""Salisbury""","""Massachusetts""","""Essex County""","""""",42.797072506641953,-70.841547260994474,1309491.47,5330.3599999999997
"""8908602e-5f0c-4f1e-847f-75a0043eeba7""","""1979-05-16""","""""","""999-19-9482""","""S99918801""","""X89806796X""","""Mr.""","""Carlton317""","""Breitenberg711""","""MD""","""""","""M""","""white""","""nonhispanic""","""M""","""Cambridge  Massachusetts  US""","""789 Torphy Trafficway Suite 59""","""Medfield""","""Massachusetts""","""Norfolk County""","""""",42.219167209311401,-71.288985850911047,938642.81000000006,3485.4799999999996
"""5be97219-ef35-4c5a-88ab-5f9a2187b7d6""","""1972-08-25""","""""","""999-58-9266""","""S99926771""","""X7032103X""","""Mr.""","""Cesar434""","""Klein929""","""""","""""","""M""","""white""","""nonhispanic""","""M""","""Danvers  Massachusetts  US""","""907 Ernser Parade Unit 37""","""Amherst""","""Massachusetts""","""Hampshire County""","""""",42.335578138088835,-72.470829748430916,1167085.4299999999,5915.3199999999997
"""e05dd037-e45f-434a-946d-5c9076a2f596""","""1986-08-24""","""""","""999-55-3968""","""S99953884""","""X47091743X""","""Mrs.""","""Jesus702""","""Hickle134""","""""","""Christiansen251""","""M""","""white""","""nonhispanic""","""F""","""Chicopee  Massachusetts  US""","""1097 Nader Vista""","""Framingham""","""Massachusetts""","""Middlesex County""","""""",42.258075585646132,-71.448840989849714,691393.44999999995,9822.6399999999994
"""ddfa05a6-b8a6-4208-b609-28f9a6a8d79e""","""2001-12-27""","""""","""999-83-2956""","""S99936978""","""""","""Ms.""","""Joleen561""","""Quitzon246""","""""","""""","""""","""white""","""nonhispanic""","""F""","""Woburn  Massachusetts  US""","""976 Bode Parade Apt 52""","""Greenfield""","""Massachusetts""","""Franklin County""","""""",42.642553826132449,-72.636057243833434,420567.81,3346.3999999999996
"""0983e422-3b48-4f1a-936b-bee5f0eb4695""","""1982-05-22""","""""","""999-95-2021""","""S99997159""","""X89592201X""","""Mr.""","""Ira784""","""Stark857""","""""","""""","""M""","""white""","""nonhispanic""","""M""","""Framingham  Massachusetts  US""","""1040 Morar Approach""","""Weymouth""","""Massachusetts""","""Norfolk County""","""02189""",42.217785905473193,-70.908368010887926,917509.87,3789.6399999999999
"""301ebb70-0078-4989-b5dd-d751f56c404d""","""2012-04-29""","""""","""999-69-6192""","""""","""""","""""","""Richie600""","""Goyette777""","""""","""""","""""","""white""","""nonhispanic""","""M""","""Lawrence  Massachusetts  US""","""369 Friesen Manor Suite 94""","""Framingham""","""Massachusetts""","""Middlesex County""","""""",42.353357077290681,-71.437023456180953,214368.94,2195.7199999999998
"""d191448b-3fa8-47b8-9440-6b871860956c""","""2007-05-21""","""""","""999-36-9345""","""""","""""","""""","""Timmy68""","""Macejkovic424""","""""","""""","""""","""white""","""nonhispanic""","""M""","""Chicopee  Massachusetts  US""","""385 Sipes Orchard Apt 71""","""Brockton""","""Massachusetts""","""Plymouth County""","""02301""",42.139576696460281,-70.93239519960153,267389.66999999998,2909
"""45c5c779-d2f9-4bf1-b6ff-deb7ff1fd54c""","""1981-08-21""","""""","""999-39-3928""","""S99991938""","""X89809047X""","""Mr.""","""Benedict104""","""Emard19""","""PhD""","""""","""M""","""white""","""nonhispanic""","""M""","""Leominster  Massachusetts  US""","""837 Mills Dam""","""Somerville""","""Massachusetts""","""Middlesex County""","""02140""",42.361949128853261,-71.134449074604404,934954.34999999998,3533
"""8abe8efb-d431-4465-ad3b-7b3f301b845f""","""1955-04-05""","""""","""999-33-9259""","""S99924638""","""X89810212X""","""Mrs.""","""Maisha241""","""Bartell116""","""""","""Fisher429""","""M""","""white""","""nonhispanic""","""F""","""Granville  Massachusetts  US""","""873 Hodkiewicz Dam Unit 1""","""Bridgewater""","""Massachusetts""","""Plymouth County""","""""",41.993499152800545,-70.972448119662502,1566968.1100000001,7568.5199999999995
"""32885ae1-d031-4f52-8f91-0e5196f5462a""","""1978-10-30""","""""","""999-90-6743""","""S99949338""","""X55599060X""","""Ms.""","""Margarita164""","""Crooks415""","""""","""""","""S""","""white""","""nonhispanic""","""F""","""Barnstable  Massachusetts  US""","""135 Runolfsdottir Orchard Suite 11""","""Norton""","""Massachusetts""","""Bristol County""","""""",41.925767956827002,-71.150344962841274,957360.58999999997,6919.8499999999995
"""c563f50c-54a9-4b37-9028-bff3db7e3e27""","""1997-12-14""","""2017-11-24""","""999-23-1726""","""S99967213""","""""","""Mr.""","""Reid278""","""Von197""","""""","""""","""""","""white""","""nonhispanic""","""M""","""Medford  Massachusetts  US""","""546 Kuhlman Mission""","""Lynn""","""Massachusetts""","""Essex County""","""01940""",42.437974235111689,-71.035245717801061,432035.35000000003,2502.2799999999997
"""f98f2905-6942-4462-9c21-25a512520d90""","""2015-06-20""","""""","""999-85-6809""","""""","""""","""""","""Chung121""","""Heller342""","""""","""""","""""","""white""","""nonhispanic""","""M""","""Pittsfield  Massachusetts  US""","""618 Harber Annex""","""Southborough""","""Massachusetts""","""Worcester County""","""""",42.264525542901872,-71.536201859910648,126155.17999999999,1679.0799999999999
"""7a8e4ef0-adf4-4e6d-8d28-5d36886547f4""","""1976-02-21""","""""","""999-92-8481""","""S99938780""","""X5211782X""","""Mr.""","""Ernie189""","""Stamm704""","""""","""""","""M""","""white""","""nonhispanic""","""M""","""Boston  Massachusetts  US""","""341 Langosh Meadow Unit 31""","""Boston""","""Massachusetts""","""Suffolk County""","""02122""",42.320522995674295,-71.199885066970609,1133705.1400000001,6372.7999999999993
"""c1b80a65-61e0-4f1b-9e1f-122c6d326034""","""1952-04-08""","""""","""999-56-8675""","""S99928271""","""X64197115X""","""Mrs.""","""Sabina296""","""Lind531""","""""","""Schmidt332""","""M""","""white""","""nonhispanic""","""F""","""Norwell  Massachusetts  US""","""502 Jakubowski Burg""","""Springfield""","""Massachusetts""","""Hampden County""","""""",42.12911097701997,-72.612820594398201,1481953.8200000001,7350.9599999999991
"""1d7fe784-8667-47e8-b733-8e6ec0fbb5f9""","""1940-04-05""","""2006-01-08""","""999-30-7132""","""S99986129""","""X21798X""","""Ms.""","""Tia76""","""Crona259""","""""","""""","""S""","""white""","""nonhispanic""","""F""","""Hopedale  Massachusetts  US""","""537 Steuber Heights Unit 8""","""Middleborough""","""Massachusetts""","""Plymouth County""","""""",41.855251684893965,-70.847340951460978,1559999.46,9074.9199999999983
"""b44d4f15-d604-4e24-8114-dc0dc12651d2""","""2020-02-13""","""""","""999-72-2409""","""""","""""","""""","""Leslee214""","""Schumm995""","""""","""""","""""","""white""","""nonhispanic""","""F""","""Springfield  Massachusetts  US""","""756 Donnelly Mews""","""Boston""","""Massachusetts""","""Suffolk County""","""02122""",42.287800144958631,-71.124141984788068,6300,258.31999999999999
"""bfd66698-4139-4e5e-9982-efa459aa9dca""","""1995-09-04""","""""","""999-26-2678""","""S99936070""","""X68118512X""","""Mr.""","""Cristobal567""","""Parra592""","""""","""""","""""","""white""","""hispanic""","""M""","""Puebla  Puebla  MX""","""356 Parisian Mill Apt 14""","""Beverly""","""Massachusetts""","""Essex County""","""""",42.579343434074183,-70.818562101344654,567098.64000000001,3421.3599999999997
"""e175908a-09db-4730-a311-4e57ba73438b""","""2009-05-07""","""""","""999-19-6600""","""""","""""","""""","""Eveline832""","""Wintheiser220""","""""","""""","""""","""black""","""hispanic""","""F""","""Sandwich  Massachusetts  US""","""895 MacGyver Skyway""","""Chicopee""","""Massachusetts""","""Hampden County""","""01020""",42.183454801016715,-72.501647111510223,26070.079999999998,645.79999999999995
"""937d794b-6e68-4b17-b162-0a41b68f8085""","""2008-06-23""","""""","""999-49-6430""","""""","""""","""""","""Marjory382""","""Friesen796""","""""","""""","""""","""white""","""nonhispanic""","""F""","""Winchester  Massachusetts  US""","""177 Schimmel Spur""","""Lowell""","""Massachusetts""","""Middlesex County""","""01854""",42.599437329149147,-71.329383884166162,317994.14000000001,2583.1999999999998
"""14289f20-085c-4fc8-bdd8-e2074166d91f""","""1968-03-29""","""""","""999-64-4625""","""S99914164""","""X56336942X""","""Mrs.""","""Caterina17""","""Schulist381""","""""","""Mann644""","""M""","""white""","""hispanic""","""F""","""Boston  Massachusetts  US""","""260 Kutch Walk""","""Fitchburg""","""Massachusetts""","""Worcester County""","""""",42.631515104067311,-71.839218498334105,983073.47000000009,11767.039999999999
"""47a91815-0dca-49df-b1dc-8bb88d8c1b38""","""1959-03-04""","""""","""999-49-8312""","""S99938765""","""X9485645X""","""Mrs.""","""Evia329""","""Graham902""","""""","""Strosin214""","""M""","""white""","""nonhispanic""","""F""","""Stoneham  Massachusetts  US""","""824 Harris Rue Apt 75""","""Westfield""","""Massachusetts""","""Hampden County""","""01085""",42.195649799149905,-72.750582409224961,197930.70999999999,28145.25
"""0f5646bc-a156-4ec0-9252-5b592e3d3184""","""1997-12-14""","""""","""999-45-8311""","""S99971449""","""X22361696X""","""Mr.""","""Mickey576""","""Crist667""","""""","""""","""""","""white""","""nonhispanic""","""M""","""Leominster  Massachusetts  US""","""777 McDermott Path Suite 0""","""Lynn""","""Massachusetts""","""Essex County""","""""",42.4676385782019,-70.924353064123338,482002.72999999998,3627.1599999999999
"""66b46e68-f643-4ebd-8ad1-14ebf58e356c""","""1992-05-22""","""""","""999-45-6436""","""S99914750""","""X11062796X""","""Mrs.""","""Bernice532""","""Maggio310""","""""","""Lemke654""","""M""","""white""","""nonhispanic""","""F""","""Natick  Massachusetts  US""","""145 Schultz Dam""","""Wilmington""","""Massachusetts""","""Middlesex County""","""""",42.602009060320981,-71.203985490611203,626389.54000000004,6614.3999999999987
"""bb9d00fe-b16e-4832-8aec-b1e9d480d48d""","""1969-06-05""","""""","""999-88-2579""","""S99986030""","""X36225922X""","""Mr.""","""Ben667""","""Funk324""","""""","""""","""M""","""white""","""nonhispanic""","""M""","""Amherst  Massachusetts  US""","""697 Mante Dam""","""Wareham""","""Massachusetts""","""Plymouth County""","""""",41.747125184166435,-70.724773783999112,7267.04,0
"""3800b2a6-2360-40dc-b709-394b4794cc0d""","""2006-05-24""","""""","""999-86-2605""","""""","""""","""""","""Lesley194""","""Lynch190""","""""","""""","""""","""white""","""nonhispanic""","""M""","""Easthampton  Massachusetts  US""","""691 Dickens Bay""","""Saugus""","""Massachusetts""","""Essex County""","""""",42.48337740696865,-70.994556590387091,20370.290000000001,516.63999999999999
"""44c8b4c8-4457-4ba0-94b6-285ef327a249""","""1941-03-25""","""1989-01-17""","""999-33-7429""","""S99993402""","""X83558016X""","""Mr.""","""Jamey282""","""Hermiston71""","""""","""""","""M""","""asian""","""nonhispanic""","""M""","""New Bedford  Massachusetts  US""","""780 Okuneva Annex Apt 36""","""Concord""","""Massachusetts""","""Middlesex County""","""""",42.4937745084856,-71.412812149503296,986340.62,3392.04
"""e75ed3bb-d04c-46cc-897e-1938329673ec""","""1990-06-15""","""""","""999-27-7560""","""S99925513""","""X15247951X""","""Mrs.""","""Caroll955""","""Kuhic920""","""""","""Jacobi462""","""M""","""white""","""nonhispanic""","""F""","""Ipswich  Massachusetts  US""","""234 Schultz Gate""","""Webster""","""Massachusetts""","""Worcester County""","""01570""",42.00295823344613,-71.84481131607329,648265.51000000001,10509.499999999998
"""b844f920-ed79-4624-a4da-fe5a201b9baf""","""2018-02-06""","""""","""999-47-5686""","""""","""""","""""","""Humberto482""","""Mann644""","""""","""""","""""","""white""","""nonhispanic""","""M""","""Merrimac  Massachusetts  US""","""217 Mueller Vista Apt 97""","""Quincy""","""Massachusetts""","""Norfolk County""","""02171""",42.25861206681914,-71.129353117861825,61871.169999999998,1162.4400000000001
"""cdef53d5-0537-4073-8874-79fa5e0346e6""","""1940-04-05""","""1987-03-29""","""999-76-2610""","""S99921083""","""X13782150X""","""Mrs.""","""Alane21""","""Grant908""","""""","""Larson43""","""M""","""white""","""nonhispanic""","""F""","""Quincy  Massachusetts  US""","""152 Stracke Pathway Apt 86""","""Middleborough""","""Massachusetts""","""Plymouth County""","""""",41.856827431688636,-70.870051706695989,1075827.73,11495.179999999998
"""799d0738-d5cd-4161-bdb8-e3c49e21ec66""","""1939-12-12""","""""","""999-49-7659""","""S99985417""","""X3274633X""","""Mr.""","""Sammie902""","""Greenholt190""","""""","""""","""S""","""white""","""nonhispanic""","""M""","""Chelsea  Massachusetts  US""","""807 Bauch Viaduct Suite 72""","""Plymouth""","""Massachusetts""","""Plymouth County""","""02360""",41.928963619768943,-70.665402152087267,1798183.1700000002,17003.23
"""dadd331c-6143-41d1-bffb-d34b321ed157""","""1976-09-10""","""""","""999-23-1789""","""S99989263""","""X21128136X""","""Mr.""","""Shirley182""","""Borer986""","""""","""""","""M""","""white""","""nonhispanic""","""M""","""Springfield  Massachusetts  US""","""513 O'Keefe Rue Unit 83""","""Dedham""","""Massachusetts""","""Norfolk County""","""02090""",42.23208487834696,-71.135390272810298,1008585.89,4954.5599999999995
"""89752052-a38b-45f0-a590-3950bbb67bec""","""1954-07-29""","""""","""999-15-6463""","""S99971913""","""X43982733X""","""Mrs.""","""Laverna97""","""Cartwright189""","""""","""Mayert710""","""M""","""white""","""nonhispanic""","""F""","""Brockton  Massachusetts  US""","""261 Weber Crossing""","""Rochester""","""Massachusetts""","""Plymouth County""","""""",41.783430936595146,-70.826551383219766,1322856,12597.559999999999
"""a9191572-cd67-4184-9945-a25eb3fa6ef0""","""1941-03-25""","""1967-07-04""","""999-13-7981""","""S99956409""","""X29412381X""","""Mr.""","""Linwood526""","""Kutch271""","""""","""""","""""","""asian""","""nonhispanic""","""M""","""Ludlow  Massachusetts  US""","""512 Stiedemann Union Unit 81""","""Concord""","""Massachusetts""","""Middlesex County""","""""",42.512453013043064,-71.372750547450337,608456.16000000003,4089.5299999999993
"""bae73dce-20fa-4a6a-8e46-b2ed541f9296""","""1958-04-27""","""""","""999-31-7122""","""S99982103""","""X16873031X""","""Mr.""","""Kevin729""","""Adams676""","""""","""""","""M""","""white""","""nonhispanic""","""M""","""Boston  Massachusetts  US""","""453 Fadel Ferry""","""Revere""","""Massachusetts""","""Suffolk County""","""""",42.467686299832543,-70.961674706045699,30854.009999999991,0
"""da200ea3-c9eb-414b-b22a-86430059fd47""","""2003-08-08""","""""","""999-32-9052""","""S99953127""","""""","""""","""Kermit56""","""Barton704""","""""","""""","""""","""white""","""nonhispanic""","""M""","""Rockport  Massachusetts  US""","""331 Sipes Quay Suite 27""","""Beverly""","""Massachusetts""","""Essex County""","""""",42.593390794631517,-70.868622572809471,445836.65999999997,2734
"""711d2093-5eb9-45a6-ad09-4b5c0371ad85""","""1967-11-26""","""""","""999-60-5555""","""S99999726""","""X9702129X""","""Mr.""","""Phil587""","""Doyle959""","""""","""""","""M""","""white""","""nonhispanic""","""M""","""Swansea  Massachusetts  US""","""616 Bartell Throughway""","""Bourne""","""Massachusetts""","""Barnstable County""","""""",41.7201610470063,-70.639660174494523,1078109.49,4161.1999999999998
"""89214f7b-82b7-460e-b583-415a688ccc3c""","""1940-04-05""","""1986-02-15""","""999-29-7916""","""S99944272""","""X77063667X""","""Mrs.""","""Kristina583""","""Nitzsche158""","""""","""Kuhic920""","""M""","""white""","""nonhispanic""","""F""","""Billerica  Massachusetts  US""","""484 Kuvalis Divide Apt 66""","""Middleborough""","""Massachusetts""","""Plymouth County""","""""",41.893404111798326,-70.89154309058857,1078080.9099999999,6170.2399999999989
"""a47e5737-065e-416f-8257-0c9f14382065""","""1974-07-30""","""""","""999-19-1540""","""S99927499""","""X26660014X""","""Mr.""","""Dannie881""","""Smitham825""","""""","""""","""M""","""white""","""nonhispanic""","""M""","""Andover  Massachusetts  US""","""1045 Paucek Burg Apt 27""","""Plymouth""","""Massachusetts""","""Plymouth County""","""""",41.8843197535694,-70.597392686204046,1103803.54,3982.1199999999999
"""28f36cfa-7696-4f73-ac4f-427e802199d9""","""1974-01-17""","""""","""999-22-4097""","""S99938750""","""X35599287X""","""Mrs.""","""Hermila490""","""Wilkinson796""","""""","""Kerluke267""","""M""","""white""","""nonhispanic""","""F""","""Marshfield  Massachusetts  US""","""507 Haley Orchard""","""Gardner""","""Massachusetts""","""Worcester County""","""""",42.554618274961825,-72.006389930923049,1087722.26,68534.74000000002
"""ed5cc81e-619f-471d-aee6-2934124c58e4""","""1983-06-06""","""""","""999-85-5168""","""S99963754""","""X15377709X""","""Mrs.""","""Christeen33""","""Becker968""","""""","""Orn563""","""M""","""white""","""nonhispanic""","""F""","""Falmouth  Massachusetts  US""","""677 Hettinger Passage""","""Winchendon""","""Massachusetts""","""Worcester County""","""""",42.657195763185328,-72.056114367437004,854594.19999999995,7755.6699999999992
"""dac134fa-7f57-4211-923a-e943a5c11d93""","""1969-02-26""","""""","""999-44-6609""","""S99925838""","""X44037088X""","""Mr.""","""Ted955""","""Howell947""","""""","""""","""M""","""white""","""nonhispanic""","""M""","""Boston  Massachusetts  US""","""182 Donnelly Parade""","""Easton""","""Massachusetts""","""Bristol County""","""""",42.041523240545132,-71.144081248214263,1091314.04,4413.7199999999993
"""144edc8e-936e-42d7-8e7d-f3578cf80cc2""","""1942-07-27""","""""","""999-69-6662""","""S99985073""","""X16624701X""","""Mrs.""","""Andre610""","""Murray856""","""""","""West559""","""M""","""white""","""nonhispanic""","""F""","""Greenfield  Massachusetts  US""","""788 Connelly Highlands""","""Worcester""","""Massachusetts""","""Worcester County""","""01583""",42.330412541648812,-71.742655020802971,1384121.1799999999,14343.319999999998
"""53d371cc-eb68-4740-a68c-39707c6cb519""","""1941-03-25""","""""","""999-28-5535""","""S99929783""","""X89657255X""","""Mr.""","""Stevie682""","""Hilpert278""","""""","""""","""M""","""asian""","""nonhispanic""","""M""","""Boston  Massachusetts  US""","""428 Considine Path Unit 5""","""Concord""","""Massachusetts""","""Middlesex County""","""""",42.457389492355844,-71.367097580400056,1608750.03,10803.68
"""8d1ba4bb-7250-4295-be1c-5d0d423e55f7""","""1957-02-13""","""""","""999-93-2339""","""S99915405""","""X77554148X""","""Mr.""","""Orlando897""","""Reichert620""","""""","""""","""S""","""asian""","""nonhispanic""","""M""","""Hong Kong  Hong Kong Special Administrative Region  CN""","""526 Schinner Junction Suite 13""","""Lunenburg""","""Massachusetts""","""Worcester County""","""01462""",42.611323324636508,-71.752403445460743,1681686.8400000001,4922.96
"""be249d5b-327e-4c30-8fb2-3a1c587fe5ad""","""1946-08-12""","""""","""999-63-7990""","""S99940218""","""X24119854X""","""Mr.""","""Kermit56""","""Rutherford999""","""""","""""","""M""","""white""","""nonhispanic""","""M""","""Stow  Massachusetts  US""","""489 Nienow Rue""","""Fall River""","""Massachusetts""","""Bristol County""","""02790""",41.653135767742114,-71.004368062996406,1537567.3600000001,9632.1599999999999
"""846b0d5b-e5f5-4fd6-8ae4-7aa8e13a17c3""","""1964-08-09""","""""","""999-87-7767""","""S99982703""","""X15693260X""","""Mr.""","""Micheal721""","""Lang846""","""""","""""","""S""","""white""","""nonhispanic""","""M""","""Arlington  Massachusetts  US""","""1065 Wisozk Route Unit 21""","""Boston""","""Massachusetts""","""Suffolk County""","""02115""",42.269926482993284,-71.064408588737408,174647.31,15541.82
"""55301b9d-4de5-4ab7-a727-579258ce4e71""","""2004-06-07""","""""","""999-67-4045""","""""","""""","""""","""Gidget756""","""Rempel203""","""""","""""","""""","""white""","""nonhispanic""","""F""","""Leominster  Massachusetts  US""","""978 Turcotte Overpass""","""Gill""","""Massachusetts""","""Franklin County""","""""",42.632991469191332,-72.525123519812297,327783.13,2803.96
"""9fe859fa-d775-494d-ae34-fa648e5d186d""","""1940-04-05""","""""","""999-39-9987""","""S99959606""","""X27169161X""","""Ms.""","""Erika442""","""Becker968""","""""","""""","""S""","""white""","""nonhispanic""","""F""","""Westport  Massachusetts  US""","""284 Christiansen Run""","""Middleborough""","""Massachusetts""","""Plymouth County""","""""",41.89133678911103,-70.854668383669903,1477931.49,22954.529999999999
"""d721b0eb-f819-472e-997a-b057ca7fab01""","""1996-05-29""","""""","""999-71-6658""","""S99933736""","""X20946786X""","""Ms.""","""Deidra675""","""Gleason633""","""""","""""","""""","""white""","""nonhispanic""","""F""","""Beverly  Massachusetts  US""","""949 Harvey Row Suite 34""","""Weymouth""","""Massachusetts""","""Norfolk County""","""02191""",42.198813329145729,-70.989393598317292,7334.3699999999999,0
"""df91aedf-3e17-44c3-b273-62e35f518475""","""2008-10-24""","""""","""999-97-9250""","""""","""""","""""","""Sean831""","""Casper496""","""""","""""","""""","""white""","""nonhispanic""","""M""","""Marblehead  Massachusetts  US""","""173 Leuschke Club Unit 65""","""Waltham""","""Massachusetts""","""Middlesex County""","""02453""",42.428920338643003,-71.228854780830318,37235.590000000004,7762.0799999999999
"""01e1f394-7219-4189-bceb-3cbd90cff90b""","""1967-07-14""","""""","""999-21-9208""","""S99958394""","""X3420210X""","""Mrs.""","""Ardis509""","""Littel644""","""""","""Baumbach677""","""M""","""white""","""nonhispanic""","""F""","""Groton  Massachusetts  US""","""591 Grant Trace""","""Lynn""","""Massachusetts""","""Essex County""","""""",42.508730700098056,-70.91940684326552,1050516.28,17017.449999999997
"""f6df6e77-35dc-457b-b998-31b780ada07f""","""1984-06-09""","""""","""999-56-1666""","""S99921446""","""X48185276X""","""Mr.""","""Alejandro916""","""D'Amore443""","""""","""""","""M""","""asian""","""nonhispanic""","""M""","""Arlington  Massachusetts  US""","""272 O'Connell Stravenue""","""Blackstone""","""Massachusetts""","""Worcester County""","""""",42.066384941120646,-71.488305112204969,915068.06000000006,4851.2799999999997
"""d1639077-59f3-401f-a058-2ad70502f93f""","""2012-10-21""","""""","""999-91-6450""","""""","""""","""""","""Gerald181""","""Gorczany269""","""""","""""","""""","""white""","""nonhispanic""","""M""","""Maynard  Massachusetts  US""","""304 Considine View""","""Franklin""","""Massachusetts""","""Norfolk County""","""02038""",42.045141071943235,-71.421719344411315,184467.60000000001,2387.3599999999997
"""0c5aa52a-3b1d-4289-af16-29f7a2d07fec""","""1984-06-24""","""""","""999-82-1441""","""S99919484""","""X25592388X""","""Mrs.""","""Elvira561""","""Navarro863""","""""","""Cabrera242""","""M""","""white""","""hispanic""","""F""","""Santiago de los Caballeros  Santiago  DO""","""451 Buckridge Harbor""","""Attleboro""","""Massachusetts""","""Bristol County""","""""",41.845865844690664,-71.331787153872398,793569.90000000002,8882.3999999999978
"""2a88cb57-86fa-4259-93bf-3956e91b07f4""","""2017-12-23""","""""","""999-28-4976""","""""","""""","""""","""Mateo562""","""Palacios784""","""""","""""","""""","""white""","""hispanic""","""M""","""Santiago  Santiago Province  CL""","""841 McGlynn Knoll Suite 67""","""Taunton""","""Massachusetts""","""Bristol County""","""02780""",41.95997846731197,-71.014163704878399,51490.400000000001,1457.3999999999996
"""e061409e-4b85-4ec1-b1f7-02677d51f763""","""1997-09-11""","""""","""999-32-2366""","""S99995098""","""X50396137X""","""Ms.""","""Tabetha269""","""O'Hara248""","""""","""""","""""","""white""","""nonhispanic""","""F""","""Auburn  Massachusetts  US""","""1080 Sawayn Gateway Suite 9""","""Framingham""","""Massachusetts""","""Middlesex County""","""01701""",42.322481901594394,-71.400325605583134,548793.19999999995,9322.6900000000005
"""d3f08bb8-e79f-4529-a37a-8aebdfbffe6a""","""2020-03-22""","""""","""999-65-9391""","""""","""""","""""","""Manuela585""","""Lozada73""","""""","""""","""""","""white""","""hispanic""","""F""","""La Paz  Baja California  MX""","""570 Gislason Row Suite 32""","""Boston""","""Massachusetts""","""Suffolk County""","""02136""",42.400135397491916,-71.04007453316818,5400,258.31999999999999
"""6ec4e56c-9a9d-49c8-8fbe-cfef93c14b6b""","""1997-05-04""","""""","""999-83-7958""","""S99976576""","""X30881281X""","""Mr.""","""Casey401""","""Hahn503""","""""","""""","""""","""white""","""nonhispanic""","""M""","""Abington  Massachusetts  US""","""510 Veum Gate""","""Eastham""","""Massachusetts""","""Barnstable County""","""""",41.825382953830413,-69.963393048043386,6323.1199999999999,0
"""733bbea8-c5a6-4599-86ec-9a797ce87e5d""","""2004-03-25""","""""","""999-44-7733""","""S99995867""","""""","""""","""Bertram873""","""VonRueden376""","""""","""""","""""","""white""","""nonhispanic""","""M""","""Lowell  Massachusetts  US""","""560 Heathcote Ranch""","""Revere""","""Massachusetts""","""Suffolk County""","""02151""",42.38698979555511,-71.008441980466017,46641.759999999995,2545.6399999999999
"""ea160682-a049-4b6c-929e-a959a1221968""","""1955-07-24""","""""","""999-60-8560""","""S99917829""","""X50720248X""","""Mrs.""","""Angelic427""","""Wisoky380""","""""","""Keeling57""","""M""","""white""","""nonhispanic""","""F""","""Taunton  Massachusetts  US""","""858 Kuhn View Suite 13""","""Seekonk""","""Massachusetts""","""Bristol County""","""""",41.830895501804946,-71.321695454805266,1457121.51,11310.599999999999
"""76acc19c-38d4-4fa9-83e4-cf9bdc82340d""","""1993-10-29""","""""","""999-13-7217""","""S99964745""","""X35533142X""","""Ms.""","""Jeanne553""","""Langworth352""","""""","""""","""""","""white""","""nonhispanic""","""F""","""Springfield  Massachusetts  US""","""264 Stanton Trailer""","""Needham""","""Massachusetts""","""Norfolk County""","""02494""",42.240645955001526,-71.220668324372838,579062.03000000003,10980.139999999999
"""f71bb059-3634-47a6-b689-04320a5c4387""","""2013-04-25""","""""","""999-21-6299""","""""","""""","""""","""Adrian111""","""Davis923""","""""","""""","""""","""white""","""nonhispanic""","""F""","""Charlton  Massachusetts  US""","""157 Greenfelder Vale Suite 82""","""Boston""","""Massachusetts""","""Suffolk County""","""02129""",42.361234393178343,-71.041509871426129,168268.85999999999,2323.1999999999998
"""ccbd3a61-50ff-4f6f-8d64-8105c3fc54cf""","""1981-09-03""","""""","""999-68-8570""","""S99929677""","""X70211797X""","""Mr.""","""Jamel269""","""Turner526""","""""","""""","""M""","""white""","""hispanic""","""M""","""Duxbury  Massachusetts  US""","""677 Hills Flat Apt 15""","""Boston""","""Massachusetts""","""Suffolk County""","""""",42.336335735042042,-71.071916896782156,808765.23999999999,8690.6399999999976
"""bb9a366c-e4d6-4dd0-9a70-e9f93529d6ff""","""1988-02-08""","""""","""999-29-7843""","""S99918546""","""X69465408X""","""Mr.""","""Maurice742""","""Bauch723""","""""","""""","""M""","""white""","""nonhispanic""","""M""","""Brockton  Massachusetts  US""","""154 Schulist Port""","""Dartmouth""","""Massachusetts""","""Bristol County""","""""",41.53861855996967,-70.928359612572791,708324.66000000003,10703.649999999998
"""8a8eb96d-354d-4d42-9716-738164a19a59""","""1987-04-02""","""""","""999-48-2704""","""S99946128""","""X81057723X""","""Mr.""","""Santiago500""","""Hermiston71""","""""","""""","""M""","""white""","""nonhispanic""","""M""","""Somerville  Massachusetts  US""","""797 Okuneva Heights Suite 69""","""Boston""","""Massachusetts""","""Suffolk County""","""02118""",42.305187538137105,-71.15216370274274,842467.08999999997,4799.6099999999997
"""46768e09-6b9f-49fe-9480-529079f64562""","""1984-09-13""","""""","""999-54-7892""","""S99943085""","""X12453360X""","""Mrs.""","""Rana586""","""Davis923""","""""","""Sporer811""","""M""","""white""","""nonhispanic""","""F""","""Arlington  Massachusetts  US""","""902 Stiedemann Drive Unit 71""","""Beverly""","""Massachusetts""","""Essex County""","""""",42.55353132429881,-70.873097603913436,758474.13,7509.4099999999989
"""4ffa7fe0-5454-480a-b648-ed038052dda1""","""2009-10-03""","""""","""999-35-6402""","""""","""""","""""","""Cassaundra447""","""Kub800""","""""","""""","""""","""white""","""nonhispanic""","""F""","""Framingham  Massachusetts  US""","""960 Denesik Knoll""","""Worcester""","""Massachusetts""","""Worcester County""","""01583""",42.286238872300572,-71.739537758205401,23216.48,645.79999999999995
"""3fe783d9-b8f8-4d21-b320-4fb7745702db""","""1980-04-26""","""""","""999-71-3946""","""S99947644""","""X62015413X""","""Mrs.""","""Rosalind66""","""Lesch175""","""""","""Hickle134""","""M""","""black""","""nonhispanic""","""F""","""Stoneham  Massachusetts  US""","""933 Braun Rest Apt 8""","""Lawrence""","""Massachusetts""","""Essex County""","""""",42.696429815459908,-71.153523926530013,128298.92999999999,12910.149999999998
"""8a9b659b-4fff-4cef-b189-adbc7914caca""","""1972-12-24""","""""","""999-64-6680""","""S99970741""","""X70549082X""","""Mrs.""","""Theodora872""","""Schaden604""","""""","""Kunze215""","""M""","""white""","""nonhispanic""","""F""","""Charlton  Massachusetts  US""","""864 Nader Skyway Suite 10""","""Springfield""","""Massachusetts""","""Hampden County""","""01103""",42.147016177080651,-72.614300391163226,156363.91,18149.02
"""40c5db10-1a0d-4eef-b5de-931edd347fc2""","""1958-12-06""","""""","""999-82-3372""","""S99911969""","""X2812684X""","""Mr.""","""Eliseo499""","""Lind531""","""""","""""","""M""","""white""","""nonhispanic""","""M""","""Boston  Massachusetts  US""","""214 Considine Club""","""Boston""","""Massachusetts""","""Suffolk County""","""02151""",42.312628343295962,-71.062154416486578,1273731.0600000001,5691.8800000000001
"""7d2e09cb-ceda-47d6-8cb2-5e1eb725665d""","""2002-07-12""","""""","""999-59-1321""","""S99914138""","""""","""""","""Adam631""","""Mertz280""","""""","""""","""""","""white""","""nonhispanic""","""M""","""Maynard  Massachusetts  US""","""561 Schamberger Station""","""Shrewsbury""","""Massachusetts""","""Worcester County""","""""",42.318116382119797,-71.744360458346591,388600.76000000001,2945.5999999999999
"""4b414e31-2791-4942-9c28-46a299805848""","""1963-12-05""","""""","""999-51-2834""","""S99924835""","""X87443723X""","""Mrs.""","""Muoi890""","""Nolan344""","""""","""Romaguera67""","""M""","""white""","""nonhispanic""","""F""","""Brockton  Massachusetts  US""","""764 Stokes Vista""","""Medway""","""Massachusetts""","""Norfolk County""","""""",42.186840611534542,-71.46568867528029,1277956.8100000001,9717.3999999999978
"""cad44a83-848c-4019-a175-291a150b9d05""","""1971-02-23""","""""","""999-59-1066""","""S99977958""","""X42955785X""","""Mrs.""","""Patrice780""","""Hills818""","""PhD""","""Watsica258""","""M""","""black""","""nonhispanic""","""F""","""Ashland  Massachusetts  US""","""409 Tremblay Fort Suite 92""","""Needham""","""Massachusetts""","""Norfolk County""","""02494""",42.282870232321713,-71.272685886824036,1125499.22,10109.889999999998
"""e19ef77e-c29c-4fe6-9790-23d53ef5158f""","""2010-09-27""","""""","""999-20-4520""","""""","""""","""""","""Willa615""","""Paucek755""","""""","""""","""""","""black""","""nonhispanic""","""F""","""Swansea  Massachusetts  US""","""548 Hodkiewicz Park""","""Woburn""","""Massachusetts""","""Middlesex County""","""""",42.533188899706239,-71.133264611073031,255870.38,2324.8800000000001
"""21103258""","""1923-10-12""","""""","""999""","""999""","""999""","""999""","""Kushal""","""Garg""","""9999""","""9999""","""M""","""Asian""","""Indian""","""M""","""Rajasthan""","""Noida""","""Noida""","""UP""","""India""","""201308""",28.474399999999999,77.504000000000005,1000,1000
"""12345""","""2004-03-30""","""""","""Taj Alam""","""Taj Alam""","""Taj Alam""","""Taj Alam""","""Taj Alam""","""Milovate""","""Milovate""","""Taj Alam""","""Milovate""","""Milovate""","""Milovate""","""Male""","""Kota""","""Rajasthan""","""Kota""","""Rajasthan""","""India""","""201309""",51.335099999999997,0.26369999999999999,399,399
,,,,,,,,,,,,,,,,,,,,,,,,
